{
    "row_count": 28,
    "custom_qa_quality/mean": 4.285714285714286,
    "custom_qa_quality/std": 1.0490610566259242
}